Last Updated 11/8/2025,,,,,,,Building Information,,,,,Demographic Breakdown,,,,,,,Administratively Assigned,,,,Proximity,,,,,,Student Need,,,,,Choice,,,,,,,,Waitlist - 3 year average,,,,,,,,
School Name,School Code,Address,"City, State Zip",Grades Served,Grade Level,Neighborhood,Capacity,Utilization (5 year avg),Building Experience Score (0-4),Continuum of Services (binary),Enrollment,Asian,Black,Hispanic,MultiRacial,Native American,Pacific Islander,White,K1 - 3 year average,K2 - 3 year average,Grade 7 - 3 year average,Grade 9 - 3 year average,Percent in Same Neighborhood,"Percent Within Walkzone (1 mile for Elementary, 2 miles for Secondary)","Percent Living ""Nearby""",Walkzone of Students Not Experiencing Homelessness,Walkzone of Students Not With Disabilities,Walkzone of Student Not in Sub Separate Programs,Percent of Students in Specialized Programs for Students with High Needs (Substantially Separate + SLIFE),Percent Substantially Separate,Percent SLIFE,Percent Students With Disabilities,Percent Multilingual Learners,K1 - 1st choice (3 yr average),K1 - top 3 (3 yr average),K2 - 1st choice (3 yr average),K2 - top 3 (3 yr average),Grade 7 - 1st choice (3 yr average),Grade 7 - top 3 (3 yr average),Grade 9 - 1st choice (3 yr average),Grade 9 - top 3 (3 yr average),K1,K2,7,9,"Chronically Absent 10% or More
(5 year average)","Chronically Absent 20% or More
(3 year average)","Churn Rate
(5 year average)","Graduation Rate 
(5 year average)","Dropout Rate
(5 year average)"
Adams Elementary School,4361,165 Webster St.,"East Boston, MA 02128",K0-6,Elementary,East Boston,236,102%,2,0,221,0.90%,4.52%,72.40%,2.71%,0.00%,0.00%,19.46%,-,3%,-,-,96.68%,59.72%,96.7%,61.78%,58.28%,60.22%,12.22%,12.22%,0.00%,28.05%,52.94%,46.36%,69.35%,36.81%,63.19%,,,,,-,-,-,-,31.04%,9.53%,24.10%,-,-
Albert Holland School of Technology,1120,60 Washington St,"Dorchester, MA 02121",7-12,Secondary,Dorchester,688,61%,4,1,528,3.79%,52.27%,38.45%,2.65%,0.19%,0.00%,2.27%,-,-,14%,56%,43.38%,84.64%,84.6%,84.55%,86.54%,85.86%,9.47%,7.95%,1.52%,20.45%,39.58%,,,,,26.09%,47.16%,38.57%,54.77%,-,-,-,-,41.26%,24.10%,35.68%,77.42%,14.10%
Alighieri Dante Montessori School,4321,37 Gove St.,"East Boston, MA 02128",K0-6,Elementary,East Boston,80,134%,3,0,101,4.95%,2.97%,58.42%,3.96%,0.00%,0.00%,29.70%,-,-,-,-,100.00%,75.76%,100.0%,75.76%,75.29%,75.76%,0.00%,0.00%,0.00%,13.86%,40.59%,80.95%,90.48%,51.85%,66.67%,,,,,7.7,5.0,-,-,15.58%,1.27%,9.90%,-,-
Another Course to College,1230,612 Metropolitan Avenue.,"Hyde Park, MA 02136",9-12,Secondary,Hyde Park,392,63%,2,0,243,0.41%,48.15%,43.62%,3.70%,0.00%,0.41%,3.29%,-,-,-,-,34.31%,64.02%,64.0%,65.57%,68.71%,66.98%,11.52%,11.52%,0.00%,38.68%,18.11%,,,,,,,39.45%,79.92%,-,-,-,7.0,64.98%,46.77%,34.56%,84.00%,9.16%
Baldwin Early Learning Pilot Academy,4621,121 Corey Rd.,"Brighton, MA 02135",K0-1,Elementary,Allston/Brighton,246,67%,2,0,154,23.38%,11.69%,37.66%,11.69%,0.00%,0.00%,15.58%,-,1%,-,-,90.28%,56.94%,90.3%,56.94%,57.63%,57.34%,0.65%,0.65%,0.00%,17.53%,48.70%,61.03%,70.94%,53.04%,77.14%,,,,,20.7,5.7,-,-,35.34%,15.93%,26.60%,-,-
Bates Elementary School,4081,426 Beech St.,"Roslindale, MA 02131",K0-6,Elementary,Roslindale,164,165%,0,0,293,2.39%,21.16%,29.01%,5.12%,0.34%,0.00%,41.98%,-,-,-,-,51.74%,53.82%,53.8%,54.71%,55.02%,53.82%,0.00%,0.00%,0.00%,27.99%,21.84%,90.20%,98.04%,78.07%,93.57%,,,,,46.3,30.7,-,-,26.70%,7.57%,16.58%,-,-
Beethoven Elementary School,4030,5125 Washington St.,"West Roxbury, MA 02132",K1-2,Elementary,West Roxbury,237,115%,4,1,276,1.81%,26.45%,40.22%,5.80%,0.00%,0.00%,25.36%,-,1%,-,-,42.44%,32.84%,32.8%,34.25%,32.03%,33.72%,3.62%,3.62%,0.00%,14.49%,37.68%,89.94%,100.00%,67.41%,89.55%,,,,,7.0,5.0,-,-,29.12%,10.23%,22.86%,-,-
Blackstone Elementary School,4640,380 Shawmut Ave,"South End, MA 02118",K0-6,Elementary,South End,803,70%,3,1,580,2.59%,25.69%,65.86%,1.90%,0.17%,0.00%,3.62%,16%,4%,-,-,43.72%,58.76%,58.8%,62.36%,61.89%,60.52%,7.41%,4.83%,2.59%,27.24%,48.79%,59.16%,77.79%,44.11%,76.32%,,,,,-,-,-,-,41.30%,17.70%,31.64%,-,-
Boston Adult Tech Academy,1215,20 Church Street,"Boston, MA 02116",11-12,Secondary,Downtown,117,141%,1,0,125,3.20%,40.80%,55.20%,0.00%,0.80%,0.00%,0.00%,-,-,-,-,3.33%,11.11%,11.1%,6.90%,8.05%,10.11%,8.80%,0.80%,8.00%,2.40%,97.60%,,,,,,,,,-,-,-,-,73.48%,54.93%,59.16%,51.40%,12.32%
Boston Arts Academy,1420,174 Ipswich St,"Boston, MA 02215",9-12,Secondary,Fenway/Kenmore,500,99%,4,1,499,2.81%,32.67%,43.49%,5.01%,0.40%,0.00%,15.63%,-,-,-,-,1.03%,21.81%,21.8%,22.15%,21.73%,21.74%,0.80%,0.80%,0.00%,21.84%,5.01%,,,,,,,73.08%,86.02%,-,-,-,-,40.48%,23.10%,7.28%,87.56%,4.70%
Boston Collaborative High School,1311,215 Dorchester St,"South Boston, MA 02127",9-12,Secondary,South Boston,506,42%,1,0,295,1.36%,36.95%,54.92%,4.41%,0.00%,0.34%,2.03%,-,-,-,-,5.88%,25.61%,25.6%,26.14%,27.06%,25.72%,4.75%,4.75%,0.00%,24.75%,37.97%,,,,,,,,,-,-,-,-,72.24%,55.37%,68.14%,25.52%,21.72%
Boston Day-Evening Academy,1410,20 Kearsarge Ave,"Roxbury, MA 02119",9-12,Secondary,Roxbury,240,138%,3,0,322,0.93%,47.52%,44.10%,4.04%,0.62%,0.00%,2.80%,-,-,-,-,29.25%,52.83%,52.8%,52.72%,51.63%,52.10%,3.11%,3.11%,0.00%,32.61%,9.94%,,,,,,,,,-,-,-,-,91.08%,73.47%,47.66%,6.94%,32.56%
Boston Green Academy,1470,20 Warren Street,"Brighton, MA 02135",7-12,Secondary,Allston/Brighton,546,84%,3,0,452,3.10%,37.17%,46.02%,4.20%,0.44%,0.00%,9.07%,-,-,-,-,43.47%,43.47%,43.5%,43.34%,53.95%,48.94%,15.04%,15.04%,0.00%,34.29%,18.81%,,,,,20.25%,34.76%,21.54%,40.89%,-,-,-,-,47.74%,28.40%,15.32%,85.52%,5.24%
Boston International Newcomers Academy,1990,100 Maxwell St,"Dorchester, MA 02124",9-12,Secondary,Dorchester,618,77%,1,0,429,4.66%,37.53%,53.85%,0.47%,0.23%,0.00%,3.26%,-,-,-,11%,19.90%,62.38%,62.4%,64.42%,63.38%,62.38%,4.66%,0.00%,4.66%,6.53%,87.88%,,,,,,,61.26%,79.39%,-,-,-,1.0,38.68%,22.27%,39.92%,47.38%,19.30%
Boston Latin Academy,1020,205 Townsend St,"Boston, MA 02121",7-12,Secondary,Roxbury,"1,645",103%,2,0,1677,15.03%,27.25%,32.50%,5.31%,0.36%,0.18%,19.38%,-,-,-,-,17.62%,45.04%,45.0%,44.66%,44.48%,45.03%,0.24%,0.24%,0.00%,5.78%,1.61%,,,,,70.84%,98.77%,48.91%,83.54%,-,-,-,-,21.82%,8.50%,3.38%,97.34%,0.66%
Boston Latin School,1010,78 Avenue Louis Pasteur.,"Boston, MA 02115",7-12,Secondary,Fenway/Kenmore,"2,154",112%,4,1,2411,31.19%,15.55%,16.63%,5.64%,0.04%,0.08%,30.86%,-,-,-,-,1.30%,20.47%,20.5%,20.51%,20.45%,20.48%,0.04%,0.04%,0.00%,2.99%,0.25%,,,,,98.45%,99.43%,71.30%,75.46%,-,-,-,-,13.96%,2.90%,2.34%,97.74%,0.48%
Boston Teachers Union K-8 Pilot,4661,25 Walk Hill St,"Jamaica Plain, MA 02130",K1-8,Elementary,Mission Hill /Jamaica Plain,282,94%,3,0,211,1.42%,21.33%,37.91%,11.37%,0.47%,0.47%,27.01%,-,-,-,-,52.20%,48.29%,48.3%,48.15%,56.93%,52.30%,15.64%,15.64%,0.00%,34.60%,23.22%,82.74%,93.42%,55.00%,73.33%,24.77%,51.59%,,,41.3,28.7,7.0,-,23.54%,8.03%,20.44%,-,-
Bradley Elementary School,4062,110 Beachview Rd,"East Boston, MA 02128",K0-6,Elementary,East Boston,297,99%,2,0,296,4.39%,6.76%,44.26%,3.38%,0.34%,0.34%,40.54%,-,-,-,-,96.93%,53.92%,96.9%,54.93%,53.42%,53.92%,0.00%,0.00%,0.00%,20.61%,28.38%,85.95%,96.37%,78.81%,86.59%,,,,,4.0,2.7,-,-,17.74%,2.57%,12.24%,-,-
Brighton High School,1040,25 Warren St,"Brighton, MA 02135",7-12,Secondary,Allston/Brighton,"1,095",52%,2,0,618,4.21%,31.72%,53.88%,2.43%,0.49%,0.00%,6.31%,-,-,4%,11%,43.12%,43.12%,43.1%,42.91%,52.01%,50.72%,21.68%,19.42%,2.27%,30.42%,50.32%,,,,,38.96%,64.67%,44.21%,62.26%,-,-,-,-,61.48%,39.93%,39.14%,62.46%,21.04%
Carter School,4261,396 Northampton St,"Boston, MA 02118",5-12,Secondary,Dorchester,60,57%,,,53,0.00%,50.94%,41.51%,0.00%,0.00%,0.00%,7.55%,-,-,-,-,25.00%,13.46%,13.5%,12.24%,0.00%,0.00%,98.11%,98.11%,0.00%,98.11%,45.28%,,,,,,,,,-,-,-,-,76.84%,44.93%,21.56%,-,-
Channing Elementary School,4201,35 Sunnyside St,"Hyde Park, MA 02136",K0-6,Elementary,Hyde Park,207,94%,0,0,203,1.48%,44.33%,45.81%,1.48%,0.49%,0.00%,6.40%,1%,1%,-,-,58.21%,49.25%,49.3%,50.00%,53.60%,48.63%,27.09%,27.09%,0.00%,37.44%,43.84%,66.89%,90.14%,37.62%,63.76%,,,,,3.7,0.0,-,-,36.38%,13.83%,25.90%,-,-
Charlestown High School,1050,240 Medford St,"Charlestown, MA 02129",7-12,Secondary,Charlestown,"1,046",74%,4,1,665,6.77%,26.77%,56.24%,2.11%,0.00%,0.00%,7.97%,-,-,7%,7%,19.27%,41.28%,19.3%,41.61%,49.14%,49.69%,25.41%,25.41%,0.00%,37.74%,38.35%,,,,,52.95%,71.06%,25.79%,49.45%,-,-,0.0,2.3,65.16%,44.57%,31.34%,58.24%,14.04%
Chittick Elementary School,4070,154 Ruskindale Rd,"Mattapan, MA 02136",K0-6,Elementary,Hyde Park,248,98%,1,0,277,1.08%,59.57%,30.32%,3.61%,0.36%,0.00%,5.05%,1%,1%,-,-,43.01%,46.69%,46.7%,45.56%,50.00%,48.64%,19.49%,19.49%,0.00%,40.07%,42.60%,56.57%,67.78%,51.53%,66.16%,,,,,-,-,-,-,28.46%,10.13%,28.56%,-,-
Clap Elementary School,4531,35 Harvest St,"Dorchester, MA 02125",K0-6,Elementary,Dorchester,187,69%,1,0,146,5.48%,35.62%,41.78%,5.48%,0.00%,0.00%,10.96%,3%,-,-,-,34.72%,55.56%,55.6%,56.25%,53.64%,55.56%,0.00%,0.00%,0.00%,23.97%,33.56%,49.10%,89.26%,50.75%,83.84%,,,,,0.0,1.0,-,-,35.74%,14.33%,24.24%,-,-
Community Academy,1340,25 Glen Rd,"Jamaica Plain, MA 02130",9-12,Secondary,Mission Hill /Jamaica Plain,154,31%,0,0,34,0.00%,50.00%,38.24%,8.82%,0.00%,0.00%,0.00%,-,-,-,-,0.00%,56.25%,56.3%,60.00%,41.67%,57.69%,23.53%,23.53%,0.00%,64.71%,11.76%,,,,,,,,,-,-,-,-,87.02%,73.57%,59.50%,38.20%,32.58%
Community Academy of Science and Health,1103,11 Charles St,"Dorchester, MA 02122",9-12,Secondary,Dorchester,692,53%,4,1,379,4.22%,63.32%,28.23%,1.85%,0.00%,0.26%,2.11%,-,-,-,39%,34.60%,70.84%,70.8%,72.31%,71.24%,73.16%,25.33%,25.33%,0.00%,37.99%,38.79%,,,,,,,39.53%,68.77%,-,-,-,-,54.92%,36.43%,36.48%,65.38%,13.68%
Condon K-8 School,4630,200 D St,"South Boston, MA 02127",K0-8,Elementary,South Boston,913,63%,4,1,450,5.78%,33.33%,47.56%,4.44%,1.11%,0.44%,7.11%,2%,2%,10%,-,51.25%,55.10%,55.1%,57.46%,59.73%,58.84%,10.00%,10.00%,0.00%,32.22%,40.67%,72.58%,84.06%,54.00%,72.75%,15.19%,20.06%,,,-,-,0.0,-,35.98%,14.77%,26.16%,-,-
Conley Elementary School,4080,450 Poplar St,"Roslindale, MA 02131",K0-6,Elementary,Roslindale,160,101%,1,0,157,0.64%,24.20%,52.87%,4.46%,0.00%,1.27%,16.56%,-,-,-,-,31.85%,47.13%,47.1%,48.32%,59.78%,54.62%,17.20%,17.20%,0.00%,41.40%,28.66%,76.26%,88.13%,58.38%,83.48%,,,,,16.7,10.7,-,-,26.40%,8.13%,19.38%,-,-
Curley K-8 School,4272,40 Pershing Rd,"Jamaica Plain, MA 02130",K0-8,Elementary,Mission Hill /Jamaica Plain,780,119%,2,0,959,3.55%,18.25%,39.00%,7.40%,0.10%,0.10%,31.60%,-,-,2%,-,45.05%,49.05%,49.1%,49.61%,57.40%,53.62%,13.76%,12.83%,0.94%,34.62%,26.90%,78.70%,91.40%,59.18%,70.08%,17.56%,31.38%,,,20.3,23.7,17.3,-,28.16%,9.20%,16.96%,-,-
Dearborn 6-12 STEM Academy,1260,36 Winthrop St,"Roxbury, MA 02119",6-12,Secondary,Roxbury,600,95%,4,1,571,0.18%,62.35%,33.63%,1.75%,0.35%,0.35%,1.40%,-,-,3%,-,46.42%,85.13%,85.1%,85.46%,85.68%,85.13%,1.05%,0.18%,0.88%,21.72%,39.40%,,,,,34.74%,44.56%,16.07%,23.45%,-,-,5.0,75.0,40.16%,22.97%,25.90%,84.96%,6.56%
Dever Elementary School,4100,325 Mt Vernon St,"Dorchester, MA 02125",K1-6,Elementary,Dorchester,514,73%,2,0,276,2.54%,22.10%,63.77%,2.17%,0.00%,0.36%,9.06%,-,-,-,-,34.47%,27.27%,27.3%,31.08%,28.13%,27.27%,0.00%,0.00%,0.00%,14.86%,50.72%,56.18%,82.82%,41.11%,61.98%,,,,,-,-,-,-,37.04%,13.83%,32.52%,-,-
Dudley Street Neighborhood Charter School,4123,6 Shirley St,"Roxbury, MA 02119",K1-5,Elementary,Roxbury,266,107%,0,0,271,0.00%,55.72%,37.27%,2.21%,0.74%,0.37%,3.69%,-,-,-,-,44.53%,41.13%,41.1%,42.35%,40.28%,41.29%,0.37%,0.37%,0.00%,21.03%,34.69%,68.21%,83.63%,49.11%,64.93%,,,,,-,-,-,-,-,-,-,-,-
East Boston Early Education Center,4450,135 Gove St,"East Boston, MA 02128",K0-1,Elementary,East Boston,180,99%,3,1,140,0.71%,2.86%,62.86%,6.43%,0.00%,0.00%,27.14%,-,-,-,-,98.56%,87.05%,98.6%,87.05%,88.24%,87.05%,0.00%,0.00%,0.00%,27.14%,57.86%,72.84%,78.29%,54.37%,82.14%,,,,,8.7,3.0,-,-,25.80%,6.27%,19.22%,-,-
East Boston High School,1070,86 White St,"East Boston, MA 02128",7-12,Secondary,East Boston,"1,234",100%,3,1,1186,1.26%,5.56%,81.53%,1.18%,0.00%,0.00%,10.29%,-,-,7%,1%,89.05%,91.43%,89.0%,91.53%,95.47%,94.86%,10.12%,9.36%,0.76%,25.38%,40.13%,,,,,84.96%,91.90%,56.61%,62.68%,-,-,0.0,12.3,33.62%,13.43%,23.18%,85.06%,8.24%
Edison Elementary School,4178,60 Glenmont Rd,"Brighton, MA 02135",K1-6,Elementary,Allston/Brighton,741,72%,2,0,457,8.32%,17.72%,58.86%,2.19%,0.22%,0.00%,12.69%,1%,2%,-,-,83.90%,40.14%,83.9%,41.06%,41.62%,41.43%,6.35%,4.60%,1.75%,18.38%,61.05%,78.23%,94.22%,57.96%,85.66%,7.00%,12.35%,,,0.0,1.7,1.3,-,34.00%,11.93%,29.68%,-,-
Eliot K-8 Innovation School - Intermediate,4381I,173 Salem Street,"North End, MA 02113",2-4,Elementary,Downtown,243,107%,3,1,258,8.91%,5.04%,10.08%,8.14%,0.00%,0.39%,67.44%,-,-,-,-,36.14%,62.65%,62.7%,62.50%,64.25%,64.20%,2.71%,2.71%,0.00%,16.67%,6.98%,,,,,,,,,-,-,22.0,-,5.72%,1.70%,6.74%,-,-
Eliot K-8 Innovation School - Lower,4381L,16 Charter St,"North End, MA 02113",K0-1,Elementary,Downtown,168,138%,1,0,258,7.36%,2.33%,16.28%,8.91%,0.39%,0.00%,64.73%,-,-,-,-,34.78%,62.06%,62.1%,62.06%,63.26%,62.06%,0.00%,0.00%,0.00%,15.12%,22.87%,100.00%,100.00%,87.44%,89.89%,,,,,-,-,-,-,5.72%,1.70%,6.74%,-,-
Eliot K-8 Innovation School - Upper,4381U,585 Commercial St,"North End, MA 02113",5-8,Elementary,Downtown,329,92%,4,1,263,7.22%,7.98%,21.67%,4.56%,0.00%,0.00%,58.56%,-,-,-,-,29.92%,55.51%,55.5%,55.20%,60.59%,58.88%,15.21%,15.21%,0.00%,33.08%,5.70%,,,,,20.44%,57.51%,,,-,-,-,-,5.72%,1.70%,6.74%,-,-
Ellis Elementary School,4240,302 Walnut Ave,"Roxbury, MA 02119",K0-6,Elementary,Roxbury,377,97%,1,0,421,0.00%,27.55%,66.27%,2.38%,0.00%,0.00%,3.09%,2%,5%,-,-,69.49%,58.60%,58.6%,59.38%,60.77%,59.74%,6.89%,6.89%,0.00%,18.05%,55.82%,52.17%,82.62%,42.80%,73.74%,,,,,2.0,1.3,-,-,42.58%,12.47%,38.22%,-,-
Ellison-Parks Early Education School,4440,108 Babson St,"Mattapan, MA 02126",K0-3,Elementary,Mattapan,227,82%,3,1,182,1.10%,53.85%,37.36%,2.20%,0.00%,0.00%,3.85%,-,1%,-,-,39.78%,37.02%,37.0%,37.13%,35.82%,37.02%,0.00%,0.00%,0.00%,26.37%,48.35%,59.37%,66.03%,70.78%,83.04%,,,,,52.7,8.3,-,-,26.50%,5.80%,23.78%,-,-
English High School,1080,144 McBride St,"Jamaica Plain, MA 02130",7-12,Secondary,Mission Hill /Jamaica Plain,965,68%,4,1,669,1.05%,29.30%,62.93%,2.54%,0.15%,0.15%,3.89%,-,-,10%,31%,9.12%,54.40%,54.4%,53.79%,56.69%,55.80%,8.37%,8.37%,0.00%,26.46%,44.54%,,,,,45.16%,77.20%,44.60%,68.76%,-,-,0.0,1.3,59.96%,34.43%,38.94%,80.58%,9.76%
Everett Elementary School,4140,71 Pleasant St,"Dorchester, MA 02125",K0-6,Elementary,Dorchester,249,113%,1,0,283,9.89%,39.58%,34.98%,2.47%,0.35%,0.00%,12.72%,-,1%,-,-,41.07%,62.14%,62.1%,63.04%,61.43%,62.14%,0.00%,0.00%,0.00%,20.14%,28.62%,93.27%,96.97%,64.02%,89.10%,,,,,26.7,0.0,-,-,20.60%,5.10%,26.40%,-,-
Excel High School,1162,95 G St,"South Boston, MA 02127",9-12,Secondary,South Boston,644,53%,1,0,90,26.67%,24.44%,35.56%,6.67%,0.00%,0.00%,6.67%,-,-,-,18%,21.84%,47.13%,47.1%,49.35%,46.77%,49.32%,15.56%,15.56%,0.00%,27.78%,20.00%,,,,,,,38.53%,68.44%,-,-,-,-,63.16%,45.33%,33.62%,75.30%,11.78%
Fenway High School,1265,67 Alleghany Street,"Fenway, MA 02215",9-12,Secondary,Mission Hill /Jamaica Plain,408,91%,3,0,357,3.64%,28.85%,56.86%,2.52%,0.56%,0.28%,7.28%,-,-,-,-,24.15%,32.95%,33.0%,32.04%,33.98%,34.35%,16.53%,16.53%,0.00%,26.61%,20.17%,,,,,,,42.84%,75.23%,-,-,-,-,37.12%,16.67%,9.92%,89.82%,3.28%
Gardner Pilot Academy,4160,30 Athol St,"Allston, MA 02134",K0-6,Elementary,Allston/Brighton,414,87%,3,1,294,5.44%,12.24%,64.63%,4.08%,1.02%,0.00%,12.59%,-,-,-,-,92.58%,68.90%,92.6%,68.52%,72.35%,68.90%,0.00%,0.00%,0.00%,24.49%,46.26%,82.77%,97.22%,76.48%,87.41%,19.68%,29.57%,,,10.0,13.3,2.7,-,20.30%,4.80%,10.78%,-,-
Greater Egleston High School,1430,80 School St,"Roxbury, MA 02119",9-12,Secondary,Mission Hill /Jamaica Plain,166,48%,1,0,59,3.39%,37.29%,55.93%,3.39%,0.00%,0.00%,0.00%,-,-,-,-,33.33%,57.89%,57.9%,58.49%,56.52%,57.89%,0.00%,0.00%,0.00%,18.64%,11.86%,,,,,,,,,-,-,-,-,97.54%,91.33%,55.90%,40.80%,21.02%
Greenwood Sarah K-8 School,4130,186 Glenway Street,"Dorchester, MA 02121",K1-8,Elementary,Dorchester,228,162%,3,1,384,0.00%,10.68%,87.24%,0.52%,0.26%,0.00%,1.30%,-,-,-,-,38.36%,61.38%,61.4%,61.31%,63.64%,62.50%,7.29%,4.69%,2.60%,15.63%,66.41%,78.42%,96.25%,47.88%,60.30%,6.86%,10.55%,,,2.7,8.0,11.3,-,32.74%,10.03%,27.32%,-,-
Grew Elementary School,4200,40 Gordon Ave,"Hyde Park, MA 02136",K1-6,Elementary,Hyde Park,238,85%,2,0,198,0.51%,31.31%,42.42%,10.61%,0.51%,0.00%,14.65%,-,5%,-,-,53.54%,50.51%,50.5%,51.06%,50.63%,51.32%,4.55%,4.55%,0.00%,19.19%,30.81%,68.05%,81.35%,80.00%,92.86%,,,,,1.3,0.0,-,-,25.12%,6.20%,21.64%,-,-
Guild Elementary School,4061,195 Leyden St,"East Boston, MA 02128",K0-6,Elementary,East Boston,280,90%,1,0,242,0.00%,5.37%,83.06%,0.83%,0.00%,0.00%,9.09%,-,1%,-,-,96.22%,65.97%,96.2%,65.91%,68.65%,65.97%,0.00%,0.00%,0.00%,21.90%,66.53%,61.27%,85.97%,68.82%,83.12%,,,,,0.0,2.7,-,-,19.14%,3.60%,21.86%,-,-
Hale Elementary School,4113,51 Cedar St,"Roxbury, MA 02119",K1-6,Elementary,Roxbury,142,120%,2,0,169,4.73%,50.30%,22.49%,7.69%,0.00%,0.00%,14.20%,-,-,-,-,83.33%,81.55%,81.5%,81.37%,83.21%,81.55%,0.00%,0.00%,0.00%,21.89%,18.93%,87.42%,98.33%,79.17%,89.17%,,,,,19.7,32.0,-,-,28.56%,9.97%,21.72%,-,-
Haley Pilot School,4210,570 Amer Legion Hwy,"Roslindale, MA 02131",K0-6,Elementary,Roslindale,398,93%,2,0,354,1.13%,40.68%,32.49%,5.08%,0.28%,0.00%,20.06%,-,-,-,-,32.86%,38.86%,38.9%,40.24%,42.86%,39.41%,3.39%,3.39%,0.00%,30.51%,27.68%,69.83%,93.96%,62.63%,77.27%,10.53%,17.24%,,,21.3,12.3,15.0,-,24.64%,7.73%,16.90%,-,-
Harvard-Kent Elementary School,4280,50 Bunker Hill St,"Charlestown, MA 02129",K0-6,Elementary,Charlestown,450,75%,4,1,316,11.39%,13.29%,27.53%,5.06%,0.00%,0.00%,42.72%,-,-,-,-,74.68%,78.21%,74.7%,78.67%,89.14%,84.23%,11.08%,11.08%,0.00%,29.43%,23.73%,64.74%,92.90%,64.89%,71.01%,,,,,20.3,11.3,-,-,20.26%,4.73%,14.42%,-,-
Haynes Early Education Center,4460,263 Blue Hill Ave,"Roxbury, MA 02119",K0-1,Elementary,Roxbury,212,89%,4,1,191,1.05%,43.98%,48.69%,2.62%,0.52%,0.00%,3.14%,-,1%,-,-,65.26%,68.95%,68.9%,69.66%,65.38%,69.06%,4.71%,4.71%,0.00%,31.41%,45.03%,82.16%,88.70%,67.45%,83.24%,,,,,45.0,4.3,-,-,33.64%,9.80%,29.20%,-,-
Henderson K-12 Inclusion School Lower,4391,1669 Dorchester Ave,"Dorchester, MA 02122",K0-1,Elementary,Dorchester,160,124%,4,1,185,8.11%,36.76%,36.22%,8.11%,1.08%,1.08%,8.65%,-,-,-,-,77.17%,70.65%,70.7%,70.52%,73.08%,70.65%,0.00%,0.00%,0.00%,29.73%,38.38%,59.33%,71.97%,54.79%,79.98%,,,,,34.0,3.7,-,-,32.90%,11.70%,16.16%,-,-
Henderson K-12 Inclusion School Upper,1140,18 Croftland Ave,"Dorchester, MA 02124",2-12,Elementary/Secondary,Dorchester,640,103%,3,0,603,6.97%,43.62%,35.66%,4.48%,0.83%,0.66%,7.79%,-,-,2%,-,55.29%,38.32%,38.3%,38.03%,44.04%,38.32%,0.00%,0.00%,0.00%,35.16%,27.36%,,,,,30.97%,42.87%,22.68%,31.26%,-,-,5.0,16.3,34.78%,17.53%,21.00%,81.08%,5.56%
Hennigan Elementary School,4230,200 Heath St,"Jamaica Plain, MA 02130",K0-6,Elementary,Mission Hill /Jamaica Plain,587,81%,2,1,362,2.21%,25.41%,66.02%,2.21%,0.28%,0.00%,3.87%,-,2%,-,-,42.98%,57.02%,57.0%,58.96%,56.27%,58.48%,10.50%,7.18%,3.31%,25.97%,58.29%,,,75.41%,93.30%,25.53%,35.48%,,,-,-,3.0,-,36.06%,12.87%,30.40%,-,-
Hernandez Elementary School,4053,61 School St,"Roxbury, MA 02119",K1-6,Elementary,Roxbury,398,99%,2,0,333,0.00%,2.70%,73.87%,4.80%,0.00%,0.00%,18.62%,-,-,-,-,31.93%,32.83%,32.8%,33.86%,33.33%,32.83%,0.30%,0.00%,0.30%,17.72%,50.45%,95.59%,100.00%,32.07%,32.07%,2.36%,2.36%,,,65.7,50.3,20.7,-,22.36%,3.13%,14.70%,-,-
Higginson Inclusion K0-2 School,4241,160 Harrishof Street,"Roxbury, MA 02119",K0-2,Elementary,Roxbury,96,149%,1,0,162,1.23%,29.63%,56.79%,7.41%,0.00%,0.00%,4.32%,1%,1%,-,-,75.31%,72.84%,72.8%,71.94%,77.23%,74.81%,16.67%,16.67%,0.00%,37.65%,57.41%,61.22%,80.03%,47.36%,64.95%,,,,,3.0,4.0,-,-,47.56%,19.73%,30.82%,-,-
Higginson-Lewis 3-8 School,4242,131 Walnut Ave,"Roxbury, MA 02119",3-8,Elementary,Roxbury,316,64%,1,0,246,1.22%,34.96%,56.10%,2.85%,0.00%,0.00%,4.07%,-,-,3%,-,63.22%,65.70%,65.7%,67.61%,68.21%,67.87%,8.54%,8.54%,0.00%,37.40%,42.68%,,,,,21.27%,30.27%,,,-,-,1.0,-,42.00%,22.03%,29.20%,-,-
Holmes Elementary School,4084,40 School St,"Dorchester, MA 02124",K0-6,Elementary,Dorchester,329,86%,1,0,303,2.97%,48.51%,42.24%,4.29%,0.33%,0.00%,1.65%,11%,1%,-,-,47.99%,68.79%,68.8%,71.00%,72.43%,68.84%,1.98%,1.98%,0.00%,28.71%,34.98%,64.66%,76.27%,47.24%,65.30%,,,,,2.0,0.0,-,-,45.36%,18.97%,31.06%,-,-
Horace Mann School for the Deaf Hard of Hearing (Shared with Warren Prescott),4610,28 Walker Street,"Boston, MA 02129",K0-12,Elementary,Charlestown,365,20%,3,1,80,7.50%,22.50%,55.00%,2.50%,0.00%,0.00%,12.50%,-,-,-,-,11.76%,5.88%,11.8%,6.90%,,,100.00%,100.00%,0.00%,100.00%,56.25%,,,,,,,,,73.0,38.3,-,-,39.04%,12.37%,19.18%,-,-
Hurley K-8 School,4260,70 Worcester St,"South End, MA 02118",K0-8,Elementary,South End,408,86%,1,0,339,1.77%,4.72%,69.32%,2.95%,0.29%,0.00%,20.94%,-,-,-,-,47.62%,60.42%,60.4%,61.44%,64.23%,61.14%,1.18%,1.18%,0.00%,26.84%,43.36%,92.98%,98.41%,74.31%,89.17%,4.86%,4.86%,,,30.3,24.7,21.0,-,27.98%,9.03%,14.76%,-,-
Josiah Quincy Upper School,1450,900 Washington Street,"Boston, MA 02116",6-12,Secondary,Downtown,650,85%,4,1,577,40.38%,21.49%,26.00%,4.51%,0.52%,0.00%,7.11%,-,-,0%,-,21.64%,69.98%,70.0%,71.12%,73.53%,71.17%,3.12%,3.12%,0.00%,22.88%,17.33%,,,,,23.26%,34.38%,5.40%,10.80%,-,-,12.3,70.3,30.42%,13.27%,9.36%,86.96%,1.74%
Kennedy Academy for Health Careers (12),1440,384 Warren St,"Roxbury, MA 02119",11-12,Secondary,Roxbury,,,2,0,87,2.30%,37.93%,52.87%,5.75%,0.00%,0.00%,1.15%,-,-,-,-,27.38%,63.10%,63.1%,62.20%,62.69%,63.10%,0.00%,0.00%,0.00%,19.54%,10.34%,,,,,,,,,-,-,-,-,-,-,-,-,-
Kennedy Academy for Health Careers (9-11),1441,152 Arlington Street,"Boston, MA 02116",9-10,Secondary,Mission Hill /Jamaica Plain,,,,,344,3.20%,36.92%,55.23%,1.74%,0.00%,0.29%,2.62%,-,-,-,-,0.29%,28.02%,28.0%,28.00%,26.56%,27.33%,1.74%,1.74%,0.00%,29.07%,21.80%,,,,,,,26.68%,59.69%,-,-,-,-,-,-,-,-,-
Kennedy John F Elementary School,4270,7 Bolster St,"Jamaica Plain, MA 02130",K1-6,Elementary,Mission Hill /Jamaica Plain,403,93%,2,0,366,3.01%,15.03%,56.83%,4.92%,0.00%,0.00%,19.95%,-,0%,-,-,43.65%,57.73%,57.7%,59.57%,58.98%,57.38%,0.82%,0.82%,0.00%,18.31%,42.08%,77.02%,93.00%,61.71%,92.06%,,,,,28.3,8.0,-,-,26.92%,6.93%,22.94%,-,-
Kennedy Patrick J Elementary School,4541,343 Saratoga St,"East Boston, MA 02128",K0-6,Elementary,East Boston,186,146%,3,0,286,0.35%,2.80%,91.26%,0.35%,0.00%,0.00%,4.90%,-,-,-,-,98.57%,91.04%,98.6%,90.94%,91.36%,91.58%,2.10%,2.10%,0.00%,22.03%,65.03%,85.65%,98.55%,76.70%,98.48%,,,,,1.0,7.3,-,-,21.24%,3.57%,16.72%,-,-
Kenny Elementary School,4390,19 Oakton Ave,"Dorchester, MA 02122",K0-6,Elementary,Dorchester,193,171%,1,0,315,13.97%,24.44%,31.11%,6.67%,0.32%,0.00%,23.49%,-,-,-,-,75.72%,50.48%,50.5%,51.51%,55.79%,53.90%,9.84%,9.84%,0.00%,22.86%,26.98%,82.61%,95.65%,66.67%,92.42%,,,,,38.0,22.0,-,-,25.28%,8.80%,24.80%,-,-
Kilmer K-8 School (4-8),4033,140 Russett Rd,"West Roxbury, MA 02132",4-8,Elementary,West Roxbury,187,101%,3,0,181,4.97%,25.97%,30.94%,3.87%,1.10%,0.00%,33.15%,-,-,1%,-,56.50%,28.25%,28.2%,28.24%,34.23%,31.06%,8.84%,8.84%,0.00%,37.57%,12.15%,,,,,26.51%,54.06%,,,-,-,4.0,-,19.60%,6.80%,16.36%,-,-
Kilmer K-8 School (K-3),4031,35 Baker St,"West Roxbury, MA 02132",K0-3,Elementary,West Roxbury,170,121%,2,0,212,4.25%,19.81%,25.47%,4.25%,0.47%,0.00%,45.75%,-,-,-,-,64.76%,43.33%,43.3%,43.41%,50.00%,48.07%,13.68%,13.68%,0.00%,31.60%,22.64%,85.90%,96.74%,70.56%,79.44%,,,,,12.7,16.0,-,-,19.60%,6.80%,16.36%,-,-
King School,4055,77 Lawrence Ave,"Dorchester, MA 02121",K0-6,Elementary,Roxbury,437,110%,3,1,454,0.66%,47.36%,46.48%,2.20%,0.22%,0.00%,3.08%,-,1%,5%,-,58.57%,73.05%,73.1%,73.51%,79.85%,77.09%,17.40%,17.40%,0.00%,40.09%,44.05%,46.50%,71.61%,43.64%,61.12%,,,,,-,-,-,-,43.06%,21.53%,30.66%,-,-
Lee Academy,4291,25 Dunbar Av,"Dorchester, MA 02124",K0-3,Elementary,Dorchester,167,116%,2,0,201,0.00%,47.76%,46.27%,4.48%,0.00%,0.00%,1.49%,4%,3%,-,-,51.26%,65.83%,65.8%,67.03%,68.18%,64.95%,2.49%,2.49%,0.00%,33.33%,39.80%,53.87%,73.71%,57.67%,68.03%,,,,,4.3,0.3,-,-,36.88%,10.97%,21.34%,-,-
Lee K-8 School,4290,155 Talbot Ave,"Dorchester, MA 02124",K0-8,Elementary,Dorchester,651,85%,3,1,586,2.90%,51.37%,37.20%,4.10%,1.02%,0.17%,2.73%,-,2%,3%,-,40.14%,70.68%,70.7%,72.03%,82.04%,78.81%,27.47%,27.47%,0.00%,42.15%,33.62%,62.34%,81.23%,47.80%,61.36%,34.34%,45.65%,,,0.0,3.0,4.0,-,36.66%,12.53%,26.54%,-,-
Lyndon K-8 School,4331,20 Mt Vernon St,"West Roxbury, MA 02132",K1-8,Elementary,West Roxbury,418,135%,2,1,524,4.20%,11.45%,21.95%,5.34%,0.19%,0.00%,56.68%,-,-,-,-,68.29%,60.70%,60.7%,60.95%,70.38%,67.76%,11.07%,11.07%,0.00%,22.90%,11.64%,84.99%,94.23%,75.48%,84.40%,12.51%,14.91%,,,14.3,21.3,18.0,-,12.56%,3.20%,12.62%,-,-
Lyon High School,1171,95 Beechcroft St,"Brighton, MA 02135",9-12,Secondary,Allston/Brighton,307,33%,0,0,27,18.52%,18.52%,44.44%,11.11%,0.00%,0.00%,7.41%,-,-,-,7%,61.54%,61.54%,61.5%,71.43%,76.47%,61.54%,0.00%,0.00%,0.00%,33.33%,25.93%,,,,,,,36.74%,65.27%,-,-,0.0,6.3,45.64%,23.93%,24.46%,84.92%,8.90%
Lyon K-8 School,4171,50 Beechcroft St,"Brighton, MA 02135",K2-8,Elementary,Allston/Brighton,108,117%,2,0,129,11.63%,20.93%,37.98%,6.98%,0.00%,0.00%,21.71%,-,6%,3%,-,89.60%,56.00%,89.6%,57.02%,60.87%,56.00%,0.00%,0.00%,0.00%,27.13%,36.43%,,,47.37%,89.19%,34.65%,46.57%,,,0.0,2.3,-,-,25.40%,10.10%,17.80%,-,-
Madison Park Technical Vocational High School,1210,75 Malcolm X Blvd,"Roxbury, MA 02120",9-12,Secondary,Roxbury,1348,81%,2,,1017,1.18%,41.59%,51.33%,2.65%,0.10%,0.29%,2.85%,-,-,-,-,33.47%,48.74%,48.7%,49.00%,49.53%,48.02%,16.91%,16.81%,0.10%,35.89%,27.73%,,,,,,,63.53%,88.33%,-,-,-,9.7,57.48%,34.87%,25.78%,71.86%,14.86%
Manning Elementary School,4311,130 Louders Lane,"Jamaica Plain, MA 02130",K0-6,Elementary,Mission Hill /Jamaica Plain,174,92%,2,0,150,4.67%,10.00%,22.00%,7.33%,0.67%,0.00%,55.33%,-,-,-,-,41.50%,31.97%,32.0%,32.87%,38.32%,31.97%,0.00%,0.00%,0.00%,27.33%,10.00%,100.00%,100.00%,82.79%,97.44%,,,,,18.7,11.3,-,-,18.36%,1.43%,11.68%,-,-
Margarita Muñiz Academy,1053,20 Child St,"Jamaica Plain, MA 02130",9-12,Secondary,Mission Hill /Jamaica Plain,371*,100%,3,0,484,0.00%,7.02%,91.53%,0.62%,0.00%,0.00%,0.83%,-,-,-,-,10.48%,50.52%,50.5%,49.04%,49.10%,50.52%,4.13%,0.00%,4.13%,19.01%,57.64%,,,,,19.93%,28.26%,46.98%,79.67%,-,-,-,-,45.08%,21.47%,23.56%,78.26%,8.38%
Mario Umana Academy,4323,312 Border St,"East Boston, MA 02128",K0-8,Elementary,East Boston,492,127%,4,1,590,0.51%,3.22%,91.02%,1.02%,0.17%,0.00%,4.07%,-,-,2%,-,95.30%,82.58%,95.3%,82.64%,84.99%,85.07%,14.75%,11.19%,3.56%,24.24%,75.25%,93.05%,94.72%,77.62%,91.52%,32.05%,36.02%,,,6.0,0.3,8.7,-,24.04%,5.97%,18.18%,-,-
Mason Elementary School,4121,150 Norfolk Ave,"Roxbury, MA 02119",K0-5,Elementary,Roxbury,215,94%,1,0,230,0.43%,51.74%,40.43%,3.04%,0.43%,0.00%,3.91%,-,-,-,-,47.14%,68.72%,68.7%,68.40%,71.26%,68.72%,0.00%,0.00%,0.00%,26.96%,30.43%,52.05%,80.19%,43.70%,76.67%,,,,,1.0,0.0,-,-,24.68%,4.43%,23.10%,-,-
Mather Elementary School,4350,24 Parish St,"Dorchester, MA 02122",K1-6,Elementary,Dorchester,430,111%,2,0,483,29.19%,36.65%,23.19%,4.14%,0.83%,0.41%,5.59%,2%,0%,-,-,23.13%,62.71%,62.7%,63.23%,64.29%,64.19%,4.55%,4.55%,0.00%,18.22%,41.20%,67.18%,92.20%,62.10%,76.01%,,,,,6.7,2.7,-,-,29.12%,9.90%,21.70%,-,-
Mattahunt Elementary School,4691,123 Alabama St,"Mattapan, MA 02126",K0-6,Elementary,Mattapan,668,78%,4,1,582,0.52%,71.13%,25.43%,2.23%,0.17%,0.00%,0.34%,3%,4%,-,-,41.07%,37.61%,37.6%,37.57%,36.95%,37.83%,15.12%,15.12%,0.00%,29.38%,50.34%,68.81%,83.02%,45.73%,61.04%,,,,,11.7,4.7,-,-,35.68%,12.37%,30.70%,-,-
McKay K-8 School,4360,122 Cottage St,"East Boston, MA 02128",K1-8,Elementary,East Boston,614,107%,3,1,596,1.01%,3.19%,87.92%,1.17%,0.00%,0.00%,6.54%,-,-,2%,-,97.12%,80.00%,97.1%,80.25%,81.12%,80.00%,0.00%,0.00%,0.00%,21.48%,52.35%,87.96%,98.25%,74.96%,89.45%,24.14%,36.18%,,,1.7,1.3,6.7,-,18.84%,3.83%,14.54%,-,-
Melvin H. King Elementary School and Melvin H. King South End Academy,1291,90 Warren Ave,"Back Bay, MA 02116","K1-5, 6-12",Elementary,South End,236,12%,1,0,68,0.00%,52.94%,36.76%,2.94%,0.00%,0.00%,7.35%,-,-,-,-,3.28%,26.23%,26.2%,25.00%,,,100.00%,100.00%,0.00%,100.00%,16.18%,,,,,,,,,-,-,-,-,-,-,-,-,-
Melvin H. King Middle School,1292,50 St Mary St,"Fenway, MA 02215",6-8,Secondary,Fenway/Kenmore,44,34%,1,0,,,,,,,,,-,-,-,-,,,,,,,,,,,,,,,,,,,,-,-,-,-,-,-,-,-,-
Melvin H. King Prep High School,1293,97 Peterborough St,"Fenway, MA 02215",7-12,Secondary,Fenway/Kenmore,40,73%,0,0,11,0.00%,54.55%,27.27%,0.00%,0.00%,0.00%,9.09%,-,-,-,-,0.00%,10.00%,10.0%,12.50%,,,100.00%,100.00%,0.00%,100.00%,18.18%,,,,,,,,,-,-,-,-,-,-,-,-,-
Mendell Elementary School,4370,164 School St,"Roxbury, MA 02119",K0-6,Elementary,Roxbury,185,164%,0,0,312,3.53%,25.96%,37.82%,7.37%,0.32%,0.00%,25.00%,-,-,-,-,56.96%,65.05%,65.0%,65.60%,65.56%,65.05%,0.00%,0.00%,0.00%,22.44%,26.60%,81.98%,93.32%,74.05%,96.67%,,,,,35.3,15.0,-,-,22.52%,7.67%,17.00%,-,-
Mildred Avenue K-8 School,4671,5 Mildred Ave,"Mattapan, MA 02126",K0-8,Elementary,Mattapan,734,83%,2,1,560,1.61%,55.18%,37.50%,3.57%,0.71%,0.00%,1.43%,-,-,4%,-,59.24%,62.32%,62.3%,62.89%,65.29%,65.66%,12.32%,10.18%,2.14%,25.18%,33.93%,58.68%,87.47%,62.16%,76.91%,24.87%,36.34%,,,0.0,4.0,3.7,-,24.44%,10.87%,24.42%,-,-
Mozart Elementary School,4082,236 Beech St,"Roslindale, MA 02131",K0-6,Elementary,Roslindale,130,127%,0,0,155,4.52%,24.52%,20.00%,8.39%,0.00%,0.00%,42.58%,-,-,-,-,62.09%,57.52%,57.5%,59.18%,61.29%,57.52%,0.00%,0.00%,0.00%,19.35%,18.71%,72.97%,89.20%,78.33%,85.00%,,,,,28.0,31.0,-,-,16.40%,4.30%,14.30%,-,-
Murphy K-8 School,4400,1 Worrell St,"Dorchester, MA 02122",K0-8,Elementary,Dorchester,928,92%,4,1,835,47.31%,20.12%,17.96%,3.23%,0.12%,0.24%,11.02%,-,-,4%,-,76.63%,57.95%,58.0%,58.66%,63.84%,61.40%,7.43%,7.43%,0.00%,23.83%,34.97%,92.92%,95.00%,89.59%,94.18%,64.60%,72.85%,,,35.3,22.0,0.0,-,22.20%,8.43%,14.30%,-,-
New Mission High School,1285,655 Metropolitan Avenue,"Hyde Park, MA 02136",7-12,Secondary,Hyde Park,948,70%,3,0,745,2.68%,43.49%,41.07%,3.09%,0.40%,0.13%,9.13%,-,-,-,-,26.80%,55.10%,55.1%,54.76%,59.68%,58.78%,13.15%,13.15%,0.00%,23.36%,20.81%,,,,,49.50%,74.86%,29.87%,47.04%,-,-,0.0,14.3,30.94%,12.53%,14.68%,95.10%,1.78%
O'Bryant School of Math & Science,1030,55 Malcolm X Blvd,"Roxbury, MA 02120",7-12,Secondary,Roxbury,"1,484",104%,1,0,1527,17.22%,29.40%,36.87%,3.47%,0.33%,0.13%,12.57%,-,-,-,-,17.74%,34.68%,34.7%,34.83%,34.65%,34.73%,0.20%,0.20%,0.00%,5.83%,4.32%,,,,,72.08%,96.75%,41.39%,89.64%,-,-,-,-,18.88%,7.10%,4.24%,99.08%,0.58%
O'Donnell Elementary School,4543,33 Trenton St,"East Boston, MA 02128",K1-6,Elementary,East Boston,174,153%,3,0,251,2.79%,1.99%,88.05%,0.80%,0.00%,0.00%,5.98%,-,-,-,-,96.77%,87.10%,96.8%,86.27%,87.32%,87.10%,0.00%,0.00%,0.00%,13.94%,66.93%,76.67%,93.33%,77.97%,93.73%,,,,,0.0,2.7,-,-,30.56%,7.37%,22.68%,-,-
Ohrenberger School (3-8),4410,175 W Boundary Rd,"West Roxbury, MA 02132",3-8,Elementary,West Roxbury,540,87%,3,1,464,2.80%,40.52%,37.28%,3.45%,0.43%,0.22%,15.30%,-,-,6%,-,29.69%,25.11%,25.1%,27.41%,26.02%,25.91%,15.09%,9.91%,5.17%,25.22%,36.21%,,,,,20.38%,36.62%,,,-,-,5.7,-,27.24%,9.67%,20.76%,-,-
Orchard Gardens K-8 School,4680,906 Albany St,"Roxbury, MA 02119",K0-8,Elementary,Roxbury,944,76%,4,1,720,1.39%,54.58%,38.61%,2.22%,0.14%,0.42%,2.50%,1%,1%,1%,-,46.82%,55.02%,55.0%,55.95%,55.87%,56.13%,10.56%,9.86%,0.69%,24.03%,48.33%,70.57%,84.97%,53.79%,66.68%,17.04%,25.20%,,,0.0,5.7,0.0,-,27.34%,9.03%,20.88%,-,-
Otis Elementary School,4322,218 Marion St,"East Boston, MA 02128",K1-6,Elementary,East Boston,333,124%,0,0,417,1.92%,1.92%,70.50%,3.60%,0.00%,0.00%,21.82%,-,-,-,-,99.76%,87.47%,99.8%,87.10%,86.85%,87.47%,0.00%,0.00%,0.00%,11.99%,51.80%,87.41%,99.12%,76.20%,82.93%,,,,,2.0,11.3,-,-,15.80%,3.50%,17.02%,-,-
Perkins Elementary School,4022,50 Rev Burke St,"South Boston, MA 02127",K0-6,Elementary,South Boston,204,83%,1,0,202,3.47%,32.67%,47.52%,3.96%,0.00%,0.00%,12.38%,-,3%,-,-,34.52%,37.06%,37.1%,38.89%,43.20%,43.71%,23.27%,23.27%,0.00%,36.63%,43.07%,,,48.55%,76.26%,,,,,-,-,-,-,43.40%,18.53%,29.78%,-,-
Perry Elementary School,4592,745 E Seventh St,"South Boston, MA 02127",K0-6,Elementary,South Boston,169,118%,2,0,233,5.58%,8.58%,20.60%,3.86%,0.00%,0.00%,61.37%,-,-,-,-,71.62%,55.46%,55.5%,55.70%,66.67%,65.28%,15.45%,15.45%,0.00%,29.18%,16.74%,88.78%,92.72%,54.17%,54.17%,,,,,11.3,16.0,-,-,23.38%,4.30%,16.68%,-,-
Quincy Elementary School,4650,885 Washington St,"South End, MA 02111",K0-5,Elementary,Downtown,785,94%,3,1,721,47.71%,12.34%,10.26%,8.32%,0.00%,0.14%,21.22%,-,-,-,-,31.05%,60.42%,60.4%,60.91%,62.71%,62.21%,4.85%,4.85%,0.00%,17.48%,36.89%,89.27%,97.42%,72.07%,78.16%,,,,,30.3,29.7,-,-,8.68%,3.00%,9.10%,-,-
Roosevelt K-8 School (2-8),4192,95 Needham Rd,"Hyde Park, MA 02136",2-8,Elementary,Hyde Park,260,99%,1,0,266,3.38%,36.84%,42.11%,5.26%,1.13%,0.00%,11.28%,-,-,11%,-,83.77%,58.49%,58.5%,58.87%,58.42%,58.49%,0.00%,0.00%,0.00%,23.68%,29.32%,,,,,21.97%,40.70%,,,-,-,-,-,23.88%,5.77%,18.02%,-,-
Roosevelt K-8 School (K1-1),4193,30 Millstone Rd,"Hyde Park, MA 02136",K0-1,Elementary,Hyde Park,94,119%,3,1,112,8.04%,32.14%,35.71%,3.57%,0.00%,0.00%,20.54%,1%,-,-,-,94.64%,47.32%,47.3%,48.04%,50.53%,47.32%,0.00%,0.00%,0.00%,15.18%,43.75%,64.11%,86.89%,72.21%,76.55%,,,,,0.0,6.7,-,-,23.88%,5.77%,18.02%,-,-
Russell Elementary School,4530,750 Columbia Rd,"Dorchester, MA 02125",K0-5,Elementary,Dorchester,415,86%,1,1,336,2.68%,31.25%,58.33%,2.08%,0.00%,0.60%,5.06%,-,-,-,-,44.82%,65.55%,65.5%,67.35%,68.20%,66.67%,2.08%,2.08%,0.00%,13.69%,60.42%,61.84%,88.64%,57.87%,79.25%,,,,,1.3,17.3,-,-,31.86%,9.93%,24.46%,-,-
Ruth Batson Academy,1194,315 Mt Vernon St,"Dorchester, MA 02125",7-12,Secondary,Dorchester,556,87%,2,0,592,5.91%,22.64%,63.01%,2.03%,0.34%,0.00%,5.91%,-,-,11%,1%,18.65%,55.61%,55.6%,56.72%,60.56%,58.74%,17.57%,14.86%,2.70%,31.93%,44.59%,,,,,46.94%,75.21%,29.35%,46.59%,-,-,0.3,43.0,50.22%,30.77%,25.18%,83.38%,4.80%
Sarah Roberts Elementary School,4563,105 Cummins Hwy,"Roslindale, MA 02131",K0-6,Elementary,Roslindale,755,91%,,,688,2.18%,15.70%,46.22%,6.69%,0.29%,0.00%,28.78%,-,-,-,-,0.00%,0.00%,0.0%,0.00%,0.00%,0.00%,4.65%,4.65%,0.00%,18.17%,32.27%,,,,,,,,,-,-,-,-,-,-,-,-,-
Shaw-Taylor Elementary (2-6),4151,1060 Morton St,"Mattapan, MA 02126",2-6,Elementary,Mattapan,397,83%,2,1,296,1.35%,73.31%,23.31%,0.68%,0.34%,0.00%,0.34%,6%,-,-,-,49.15%,48.12%,48.1%,51.04%,47.13%,48.07%,7.09%,2.70%,4.39%,16.55%,50.68%,80.00%,93.33%,46.93%,70.32%,,,,,3.3,0.0,-,-,23.10%,6.57%,36.44%,-,-
Shaw-Taylor Elementary (K1-1),4670,429 Norfolk St,"Dorchester, MA 02124",K1-1,Elementary,Dorchester,219,84%,1,0,170,1.76%,57.06%,36.47%,1.76%,0.00%,0.59%,1.76%,-,2%,-,-,63.25%,71.69%,71.7%,74.24%,71.94%,72.15%,4.71%,4.71%,0.00%,15.88%,62.35%,43.68%,68.28%,48.75%,67.92%,,,,,-,-,-,-,43.68%,19.03%,29.14%,-,-
Snowden International High School,1200,140 Clarendon St,"Back Bay, MA 02116",9-12,Secondary,Back Bay/Beacon Hill,227,182%,0,0,439,4.33%,34.62%,50.57%,3.87%,0.46%,0.00%,6.15%,-,-,-,-,1.15%,23.73%,23.7%,25.12%,26.11%,24.87%,10.02%,10.02%,0.00%,27.56%,20.27%,,,,,,,43.29%,77.70%,-,-,-,31.2,59.66%,40.27%,19.36%,81.36%,7.16%
TechBoston Academy,1460,9 Peacevale Rd,"Dorchester, MA 02124",7-12,Secondary,Dorchester,"1,037",85%,3,1,870,1.84%,59.43%,33.68%,3.22%,0.46%,0.11%,1.15%,-,-,3%,2%,28.15%,71.61%,71.6%,72.92%,72.51%,71.79%,11.15%,8.97%,2.18%,26.32%,35.52%,,,,,33.54%,51.91%,31.31%,47.00%,-,-,2.7,28.7,51.42%,30.57%,25.88%,88.12%,6.30%
Tobin K-8 School,4570,40 Smith St,"Roxbury, MA 02120",K0-8,Elementary,Mission Hill /Jamaica Plain,405,96%,2,0,354,5.65%,25.99%,61.02%,1.98%,0.00%,0.00%,5.08%,-,1%,16%,-,30.50%,61.58%,61.6%,61.88%,64.29%,65.87%,14.12%,14.12%,0.00%,30.23%,35.03%,61.01%,73.18%,57.67%,78.89%,20.40%,36.32%,,,10.3,0.0,-,-,37.38%,15.77%,28.28%,-,-
Trotter Elementary School,4580,135 Humboldt Ave,"Dorchester, MA 02121",K0-6,Elementary,Roxbury,577,58%,3,1,364,1.10%,48.63%,42.03%,6.04%,0.27%,0.27%,1.65%,1%,-,-,-,68.35%,66.11%,66.1%,67.28%,69.87%,68.24%,17.03%,17.03%,0.00%,36.26%,33.52%,53.62%,75.23%,60.68%,78.91%,,,,,-,-,0.7,-,41.90%,16.63%,26.78%,-,-
Tynan Elementary School,4590,650 E Fourth St,"South Boston, MA 02127",K0-6,Elementary,South Boston,297,72%,3,1,221,4.98%,33.03%,40.27%,7.24%,0.00%,0.45%,13.57%,-,7%,-,-,27.27%,23.18%,23.2%,24.26%,25.60%,26.45%,29.41%,29.41%,0.00%,42.99%,32.58%,66.26%,86.25%,37.87%,77.43%,,,,,5.0,0.0,-,-,43.52%,15.17%,31.06%,-,-
UP Academy Dorchester,4345,35 Westville St 02124,"Dorchester, MA 02121",K1-8,Elementary,Dorchester,743,84%,3,1,650,2.15%,50.15%,44.00%,2.62%,0.15%,0.00%,0.92%,-,-,-,-,32.87%,47.98%,48.0%,48.39%,49.06%,48.34%,1.85%,1.85%,0.00%,17.23%,41.69%,65.09%,82.65%,31.93%,43.47%,3.16%,5.02%,,,-,-,-,-,-,-,-,-,-
UP Academy Holland,4250,85 Olney St,"Dorchester, MA 02121",K1-6,Elementary,Dorchester,627,101%,3,1,632,1.90%,45.09%,46.52%,3.64%,0.00%,0.16%,2.37%,-,0%,-,-,47.53%,79.43%,79.4%,80.51%,82.28%,81.62%,7.12%,7.12%,0.00%,19.15%,39.08%,69.54%,91.12%,58.49%,75.44%,,,,,-,-,-,-,38.70%,17.77%,28.46%,-,-
Warren-Prescott K-8 School,4283,50 School St,"Charlestown, MA 02129",K0-8,Elementary,Charlestown,539,97%,1,0,547,4.02%,9.32%,19.01%,4.39%,0.00%,0.00%,63.25%,-,0%,1%,-,82.37%,87.38%,82.4%,87.67%,93.24%,92.00%,7.31%,7.31%,0.00%,23.22%,12.80%,76.41%,95.85%,41.16%,76.38%,40.09%,55.64%,,,35.3,9.0,6.0,-,11.72%,2.47%,10.46%,-,-
Winship Elementary School,4173,54 Dighton St,"Brighton, MA 02135",K0-6,Elementary,Allston/Brighton,159,208%,1,0,350,18.57%,11.43%,36.29%,8.00%,0.00%,0.00%,25.71%,3%,-,-,-,97.00%,75.08%,97.0%,75.08%,75.70%,75.85%,2.86%,2.86%,0.00%,14.29%,27.43%,77.53%,94.59%,79.37%,84.76%,,,,,0.0,17.0,-,-,20.30%,5.27%,20.58%,-,-
Winthrop Elementary School,4052,35 Brookford St,"Dorchester, MA 02125",K0-6,Elementary,Roxbury,206,116%,2,0,259,1.54%,44.40%,46.72%,3.86%,0.00%,0.00%,3.47%,2%,5%,-,-,64.94%,74.10%,74.1%,75.70%,74.88%,74.30%,0.77%,0.77%,0.00%,14.67%,40.15%,44.95%,74.75%,50.88%,75.73%,,,,,-,-,-,-,45.50%,12.03%,25.06%,-,-
Young Achievers K-8 School,4600,20 Outlook Rd,"Mattapan, MA 02126",K0-8,Elementary,Mattapan,470,105%,1,0,432,0.00%,47.22%,49.77%,0.93%,0.93%,0.46%,0.69%,-,1%,5%,-,53.18%,48.94%,48.9%,48.75%,49.85%,49.29%,0.69%,0.69%,0.00%,19.68%,44.44%,64.15%,82.11%,60.71%,81.39%,30.71%,37.22%,,,3.3,2.3,-,-,49.30%,25.13%,29.38%,-,-